{"dielectric_names": ["ExternalAir", "Air", "Aorta", "Bladder", "Blood", "BloodVessel", "BodyFluid", "BoneCancellous", "BoneCortical", "BoneMarrow", "BrainGreyMatter", "BrainWhiteMatter", "BreastFat", "Cartilage", "Cerebellum", "CerebroSpinalFluid", "Cervix", "Colon", "Cornea", "Duodenum", "Dura", "EyeSclera", "Fat", "GallBladder", "GallBladderBile", "Gland", "Heart", "Kidney", "Lens", "Liver", "LungDeflated", "LungInflated", "Lymph", "MucousMembrane", "Muscle", "Nail", "Nerve", "Oesophagus", "Ovary", "Pancreas", "Prostate", "Retina", "SkinDry", "SkinWet", "SmallIntestine", "SpinalCord", "Spleen", "Stomach", "Tendon", "Testis", "Thymus", "Thyroid", "Tongue", "Tooth", "Trachea", "Uterus", "Vacuum", "Vitreous Humor", "LensCortex", "LensNucleus", "GIcontents", "StomachContents"], "values": {"ef": [[1.0, 1.0, 4.0, 2.5, 4.0, 4.0, 4.0, 2.5, 2.5, 2.5, 4.0, 4.0, 2.5, 4.0, 4.0, 4.0, 4.0, 4.0, 4.0, 4.0, 4.0, 4.0, 2.5, 4.0, 4.0, 4.0, 4.0, 4.0, 0.0, 4.0, 4.0, 2.5, 4.0, 4.0, 4.0, 2.5, 4.0, 4.0, 4.0, 4.0, 4.0, 4.0, 4.0, 4.0, 4.0, 4.0, 4.0, 4.0, 4.0, 4.0, 4.0, 4.0, 4.0, 2.5, 2.5, 4.0, 1.0, 4.0, 4.0, 3.0, 4.0, 4.0]], "del1": [[0.0, 0.0, 40.0, 16.0, 56.0, 40.0, 65.0, 18.0, 10.0, 3.0, 45.0, 32.0, 3.0, 38.0, 40.0, 65.0, 45.0, 50.0, 48.0, 60.0, 40.0, 50.0, 3.0, 55.0, 66.0, 55.0, 50.0, 47.0, 0.0, 39.0, 45.0, 18.0, 55.0, 39.0, 50.0, 10.0, 26.0, 60.0, 40.0, 55.0, 55.0, 50.0, 32.0, 39.0, 50.0, 26.0, 48.0, 60.0, 42.0, 55.0, 55.0, 55.0, 50.0, 10.0, 38.0, 55.0, 0.0, 65.0, 42.0, 32.0, 50.0, 50.0]], "tau1": [[0.0, 0.0, 8.842e-12, 8.842e-12, 8.377000000000001e-12, 8.842e-12, 7.234e-12, 1.3263e-11, 1.3263e-11, 7.958e-12, 7.958e-12, 7.958e-12, 1.768e-11, 1.3263e-11, 7.958e-12, 7.958e-12, 7.958e-12, 7.958e-12, 7.958e-12, 7.958e-12, 7.958e-12, 7.958e-12, 7.958e-12, 7.578999999999999e-12, 7.578999999999999e-12, 7.958e-12, 7.958e-12, 7.958e-12, 0.0, 8.842e-12, 7.958e-12, 7.958e-12, 7.958e-12, 7.958e-12, 7.234e-12, 1.3263e-11, 7.958e-12, 7.958e-12, 8.842e-12, 7.958e-12, 7.958e-12, 7.958e-12, 7.234e-12, 7.958e-12, 7.958e-12, 7.958e-12, 7.958e-12, 7.958e-12, 1.2243e-11, 7.958e-12, 7.958e-12, 7.958e-12, 7.958e-12, 1.3263e-11, 7.958e-12, 7.958e-12, 0.0, 7.234e-12, 7.958e-12, 8.842e-12, 7.234e-12, 7.234e-12]], "alf1": [[0.0, 0.0, 0.1, 0.1, 0.1, 0.1, 0.0, 0.22, 0.2, 0.2, 0.1, 0.1, 0.1, 0.15, 0.1, 0.1, 0.1, 0.1, 0.1, 0.1, 0.15, 0.1, 0.2, 0.05, 0.05, 0.1, 0.1, 0.1, 0.0, 0.1, 0.1, 0.1, 0.1, 0.1, 0.1, 0.2, 0.1, 0.1, 0.15, 0.1, 0.1, 0.1, 0.0, 0.1, 0.1, 0.1, 0.1, 0.1, 0.1, 0.1, 0.1, 0.1, 0.1, 0.2, 0.1, 0.1, 0.0, 0.0, 0.1, 0.1, 0.1, 0.1]], "del2": [[0.0, 0.0, 50.0, 400.0, 5200.0, 50.0, 30.0, 300.0, 180.0, 25.0, 400.0, 100.0, 15.0, 2500.0, 700.0, 40.0, 200.0, 3000.0, 4000.0, 2000.0, 200.0, 4000.0, 15.0, 40.0, 50.0, 2500.0, 1200.0, 3500.0, 0.0, 6000.0, 1000.0, 500.0, 2500.0, 280.0, 7000.0, 180.0, 500.0, 2000.0, 400.0, 2500.0, 5000.0, 4000.0, 1100.0, 280.0, 10000.0, 500.0, 2500.0, 2000.0, 60.0, 5000.0, 2500.0, 2500.0, 4000.0, 180.0, 400.0, 800.0, 0.0, 30.0, 1500.0, 100.0, 7000.0, 7000.0]], "tau2": [[0.0, 0.0, 3.183e-09, 1.59155e-07, 1.32629e-07, 3.183e-09, 1.59155e-07, 7.9577e-08, 7.9577e-08, 1.5915e-08, 1.5915e-08, 7.958000000000001e-09, 6.366e-08, 1.4468600000000003e-07, 1.5915e-08, 1.592e-09, 1.5915e-08, 1.59155e-07, 1.59155e-07, 7.9577e-08, 7.958000000000001e-09, 1.59155e-07, 1.5915e-08, 1.592e-09, 1.592e-09, 1.59155e-07, 1.59155e-07, 1.98944e-07, 0.0, 5.30516e-07, 1.59155e-07, 6.3662e-08, 1.59155e-07, 7.9577e-08, 3.53678e-07, 7.9577e-08, 1.0610300000000001e-07, 7.9577e-08, 1.5915e-08, 1.59155e-07, 1.59155e-07, 1.59155e-07, 3.2481000000000005e-08, 7.9577e-08, 1.59155e-07, 1.0610300000000001e-07, 6.3662e-08, 7.9577e-08, 6.366e-09, 1.59155e-07, 1.59155e-07, 1.59155e-07, 1.59155e-07, 7.9577e-08, 6.3662e-08, 3.1831e-08, 0.0, 1.59155e-07, 7.9577e-08, 1.061e-08, 3.53678e-07, 3.53678e-07]], "alf2": [[0.0, 0.0, 0.1, 0.1, 0.1, 0.1, 0.1, 0.25, 0.2, 0.1, 0.15, 0.1, 0.1, 0.15, 0.15, 0.0, 0.1, 0.2, 0.05, 0.1, 0.1, 0.1, 0.1, 0.0, 0.0, 0.1, 0.05, 0.22, 0.0, 0.2, 0.1, 0.1, 0.1, 0.0, 0.1, 0.2, 0.15, 0.1, 0.25, 0.1, 0.1, 0.1, 0.2, 0.0, 0.1, 0.15, 0.15, 0.1, 0.1, 0.1, 0.1, 0.1, 0.1, 0.2, 0.1, 0.1, 0.0, 0.1, 0.1, 0.2, 0.1, 0.1]], "sig": [[0.0, 0.0, 0.25, 0.2, 0.7, 0.25, 1.5, 0.07, 0.02, 0.001, 0.02, 0.02, 0.01, 0.15, 0.04, 2.0, 0.3, 0.01, 0.4, 0.5, 0.5, 0.5, 0.01, 0.9, 1.4, 0.5, 0.05, 0.05, 0.0, 0.02, 0.2, 0.03, 0.5, 0.0, 0.2, 0.02, 0.006, 0.5, 0.3, 0.5, 0.4, 0.5, 0.0, 0.0, 0.5, 0.006, 0.03, 0.5, 0.25, 0.4, 0.5, 0.5, 0.25, 0.02, 0.3, 0.2, 0.0, 1.5, 0.3, 0.2, 0.2, 0.2]], "del3": [[0.0, 0.0, 100000.0, 100000.0, 0.0, 100000.0, 0.0, 20000.0, 5000.0, 5000.0, 200000.0, 40000.0, 50000.0, 100000.0, 200000.0, 0.0, 150000.0, 100000.0, 100000.0, 100000.0, 10000.0, 100000.0, 33000.0, 1000.0, 0.0, 100000.0, 450000.0, 250000.0, 0.0, 50000.0, 500000.0, 250000.0, 100000.0, 30000.0, 1200000.0, 5000.0, 70000.0, 100000.0, 100000.0, 100000.0, 100000.0, 100000.0, 0.0, 30000.0, 500000.0, 70000.0, 200000.0, 100000.0, 60000.0, 100000.0, 100000.0, 100000.0, 100000.0, 5000.0, 50000.0, 300000.0, 0.0, 0.0, 200000.0, 1000.0, 1200000.0, 1200000.0]], "tau3": [[0.0, 0.0, 0.000159155, 0.000159155, 0.000159155, 0.000159155, 0.000159155, 0.000159155, 0.000159155, 0.0015915489999999998, 0.00010610299999999998, 5.3052e-05, 0.0004547, 0.00031831, 0.00010610299999999998, 0.000159155, 0.00010610299999999998, 0.000159155, 1.5915e-05, 0.000159155, 0.000159155, 0.000159155, 0.000159155, 0.000159155, 0.000159155, 0.000159155, 7.2343e-05, 7.9577e-05, 0.0, 2.2736e-05, 0.000159155, 0.000159155, 0.000159155, 1.592e-06, 0.00031831, 0.000159155, 1.5915e-05, 0.000159155, 0.000159155, 0.000159155, 0.000159155, 0.000159155, 0.000159155, 1.592e-06, 0.000159155, 1.5915e-05, 0.000265258, 0.000159155, 0.00031831, 0.000159155, 0.000159155, 0.000159155, 0.000159155, 0.000159155, 1.5915e-05, 0.000159155, 0.0, 0.000159155, 0.000159155, 1.5915e-05, 0.00031831, 0.00031831]], "alf3": [[0.0, 0.0, 0.2, 0.2, 0.2, 0.2, 0.0, 0.2, 0.2, 0.1, 0.22, 0.3, 0.1, 0.1, 0.22, 0.0, 0.18, 0.2, 0.2, 0.2, 0.2, 0.2, 0.05, 0.2, 0.2, 0.2, 0.22, 0.22, 0.0, 0.2, 0.2, 0.2, 0.2, 0.16, 0.1, 0.2, 0.2, 0.2, 0.27, 0.2, 0.2, 0.2, 0.2, 0.16, 0.2, 0.2, 0.25, 0.2, 0.22, 0.2, 0.2, 0.2, 0.2, 0.2, 0.2, 0.2, 0.0, 0.0, 0.1, 0.2, 0.1, 0.1]], "del4": [[0.0, 0.0, 10000000.0, 10000000.0, 0.0, 10000000.0, 0.0, 20000000.0, 100000.0, 2000000.0, 45000000.0, 35000000.0, 20000000.0, 40000000.0, 45000000.0, 0.0, 40000000.0, 40000000.0, 40000000.0, 40000000.0, 1000000.0, 5000000.0, 10000000.0, 10000.0, 0.0, 40000000.0, 25000000.0, 30000000.0, 0.0, 30000000.0, 10000000.0, 40000000.0, 40000000.0, 30000.0, 25000000.0, 100000.0, 40000000.0, 40000000.0, 40000000.0, 40000000.0, 40000000.0, 5000000.0, 0.0, 30000.0, 40000000.0, 40000000.0, 50000000.0, 40000000.0, 20000000.0, 40000000.0, 40000000.0, 40000000.0, 40000000.0, 100000.0, 1000000.0, 35000000.0, 0.0, 0.0, 40000000.0, 5000.0, 25000000.0, 25000000.0]], "tau4": [[0.0, 0.0, 0.001592, 0.015915, 0.015915, 0.001592, 0.015915, 0.015915, 0.015915, 0.015915, 0.005305, 0.007958, 0.01326, 0.015915, 0.005305, 0.015915, 0.001592, 0.001592, 0.015915, 0.015915, 0.015915, 0.015915, 0.007958, 0.015915, 0.015915, 0.015915, 0.004547, 0.004547, 0.0, 0.015915, 0.015915, 0.007958, 0.015915, 0.001592, 0.002274, 0.015915, 0.015915, 0.015915, 0.015915, 0.015915, 0.015915, 0.015915, 0.015915, 0.001592, 0.015915, 0.015915, 0.006366, 0.015915, 0.0013260000000000001, 0.015915, 0.015915, 0.015915, 0.015915, 0.015915, 0.015915, 0.0010609999999999999, 0.0, 0.015915, 0.015915, 0.015915, 0.002274, 0.002274]], "alf4": [[0.0, 0.0, 0.0, 0.0, 0.0, 0.0, 0.0, 0.0, 0.0, 0.1, 0.0, 0.02, 0.0, 0.0, 0.0, 0.0, 0.0, 0.0, 0.0, 0.0, 0.0, 0.0, 0.01, 0.0, 0.2, 0.0, 0.0, 0.0, 0.0, 0.05, 0.0, 0.0, 0.0, 0.2, 0.0, 0.0, 0.0, 0.0, 0.0, 0.0, 0.0, 0.0, 0.2, 0.2, 0.0, 0.0, 0.0, 0.0, 0.0, 0.0, 0.0, 0.0, 0.0, 0.0, 0.0, 0.0, 0.0, 0.0, 0.0, 0.0, 0.0, 0.0]]}}