{"dielectric_names": ["ExternalAir", "Air", "Aorta", "Bladder", "Blood", "BloodVessel", "BodyFluid", "BoneCancellous", "BoneCortical", "BoneMarrow", "BrainGreyMatter", "BrainWhiteMatter", "BreastFat", "Cartilage", "Cerebellum", "CerebroSpinalFluid", "Cervix", "Colon", "Cornea", "Duodenum", "Dura", "EyeSclera", "Fat", "GallBladder", "GallBladderBile", "Gland", "Heart", "Kidney", "Lens", "Liver", "LungDeflated", "LungInflated", "Lymph", "MucousMembrane", "Muscle", "Nail", "Nerve", "Oesophagus", "Ovary", "Pancreas", "Prostate", "Retina", "SkinDry", "SkinWet", "SmallIntestine", "SpinalCord", "Spleen", "Stomach", "Tendon", "Testis", "Thymus", "Thyroid", "Tongue", "Tooth", "Trachea", "Uterus", "Vacuum", "Vitreous Humor", "LensCortex", "LensNucleus", "GIcontents", "StomachContents"], "values": {"ef": [[1.0, 1.0, 1.0, 2.008, 7.5, 1.0, 4.0, 2.5, 2.5, 2.5, 4.0, 4.0, 2.5, 4.0, 4.0, 4.0, 4.0, 5.575, 4.0, 4.045, 4.0, 4.0, 5.587, 2.849, 4.0, 4.0, 2.511, 4.85, 0.0, 6.639, 6.373, 6.373, 4.0, 4.0, 2.504, 2.5, 4.0, 4.045, 7.5, 4.0, 4.0, 4.0, 2.843, 2.843, 6.097, 4.0, 6.097, 4.045, 4.0, 4.0, 4.0, 4.0, 4.0, 2.5, 2.5, 1.0, 1.0, 4.0, 4.0, 3.0, 2.504, 2.504]], "del1": [[0.0, 0.0, 43.25, 56.689, 53.673, 43.25, 65.0, 18.0, 10.0, 3.0, 45.0, 32.0, 3.0, 38.0, 40.0, 65.0, 45.0, 57.408, 48.0, 57.239, 40.0, 50.0, 8.293, 55.061, 66.0, 55.0, 54.178, 51.691, 0.0, 47.545, 23.958, 23.958, 55.0, 39.0, 57.81, 10.0, 26.0, 57.239, 50.358, 55.0, 55.0, 50.0, 40.665, 40.665, 57.2, 26.0, 57.2, 57.239, 42.0, 55.0, 55.0, 55.0, 50.0, 10.0, 38.0, 55.043, 0.0, 65.0, 42.0, 32.0, 57.81, 57.81]], "tau1": [[0.0, 0.0, 9.140999999999999e-12, 8.203e-12, 8.967000000000001e-12, 9.140999999999999e-12, 7.234e-12, 1.3263e-11, 1.3263e-11, 7.958e-12, 7.958e-12, 7.958e-12, 1.768e-11, 1.3263e-11, 7.958e-12, 7.958e-12, 7.958e-12, 7.5e-12, 7.958e-12, 7.641e-12, 7.958e-12, 7.958e-12, 1.35e-11, 7.167e-12, 7.578999999999999e-12, 7.958e-12, 6.914e-12, 8.148999999999998e-12, 0.0, 1.0329000000000001e-11, 8.569e-12, 8.569e-12, 7.958e-12, 7.958e-12, 8.079e-12, 1.3263e-11, 7.958e-12, 7.641e-12, 8.717999999999999e-12, 7.958e-12, 7.958e-12, 7.958e-12, 7.725e-12, 7.725e-12, 7.777e-12, 7.958e-12, 7.777e-12, 7.641e-12, 1.2243e-11, 7.958e-12, 7.958e-12, 7.958e-12, 7.958e-12, 1.3263e-11, 7.958e-12, 8.534e-12, 0.0, 7.234e-12, 7.958e-12, 8.842e-12, 8.079e-12, 8.079e-12]], "alf1": [[0.0, 0.0, 0.098, 0.051, 0.17, 0.098, 0.0, 0.22, 0.2, 0.2, 0.1, 0.1, 0.1, 0.15, 0.1, 0.1, 0.1, 0.142, 0.1, 0.095, 0.15, 0.1, 0.042, 0.072, 0.05, 0.1, 0.096, 0.122, 0.0, 0.126, 0.168, 0.168, 0.1, 0.1, 0.138, 0.2, 0.1, 0.095, 0.124, 0.1, 0.1, 0.1, 0.229, 0.229, 0.152, 0.1, 0.152, 0.095, 0.1, 0.1, 0.1, 0.1, 0.1, 0.2, 0.1, 0.029, 0.0, 0.0, 0.1, 0.1, 0.138, 0.138]], "del2": [[0.0, 0.0, 1360.509, 866.641, 632.735, 1360.509, 30.0, 300.0, 180.0, 25.0, 400.0, 100.0, 15.0, 2500.0, 700.0, 40.0, 200.0, 1617.041, 4000.0, 448.59, 200.0, 4000.0, 5.011, 264.682, 50.0, 2500.0, 1161.477, 452.493, 0.0, 8.939, 2000.0, 2000.0, 2500.0, 280.0, 660.06, 180.0, 500.0, 448.59, 192.885, 2500.0, 5000.0, 4000.0, 135.31, 135.31, 997.973, 500.0, 997.973, 448.59, 60.0, 5000.0, 2500.0, 2500.0, 4000.0, 180.0, 400.0, 2000.0, 0.0, 30.0, 1500.0, 100.0, 660.06, 660.06]], "tau2": [[0.0, 0.0, 4.39155e-07, 2.23742e-07, 5.443e-09, 4.39155e-07, 1.59155e-07, 7.9577e-08, 7.9577e-08, 1.5915e-08, 1.5915e-08, 7.958000000000001e-09, 6.366e-08, 1.4468600000000003e-07, 1.5915e-08, 1.592e-09, 1.5915e-08, 2.1050000000000003e-08, 1.59155e-07, 1.2308e-08, 7.958000000000001e-09, 1.59155e-07, 4.3500000000000005e-10, 2.3525e-08, 1.592e-09, 1.59155e-07, 4.39155e-07, 1.1421e-08, 0.0, 3.7500000000000005e-10, 5.8952000000000004e-08, 5.8952000000000004e-08, 1.59155e-07, 7.9577e-08, 7.840000000000001e-09, 7.9577e-08, 1.0610300000000001e-07, 1.2308e-08, 2.2570000000000004e-09, 1.59155e-07, 1.59155e-07, 1.59155e-07, 3.072e-09, 3.072e-09, 1.763e-08, 1.0610300000000001e-07, 1.763e-08, 1.2308e-08, 6.366e-09, 1.59155e-07, 1.59155e-07, 1.59155e-07, 1.59155e-07, 7.9577e-08, 6.3662e-08, 4.075e-07, 0.0, 1.59155e-07, 7.9577e-08, 1.061e-08, 7.840000000000001e-09, 7.840000000000001e-09]], "alf2": [[0.0, 0.0, 0.377, 0.387, 0.003, 0.377, 0.1, 0.25, 0.2, 0.1, 0.15, 0.1, 0.1, 0.15, 0.15, 0.0, 0.1, 0.049, 0.05, 0.155, 0.1, 0.1, 0.094, 0.312, 0.0, 0.1, 0.4, 0.136, 0.0, 0.0, 0.066, 0.066, 0.1, 0.0, 0.064, 0.2, 0.15, 0.155, 0.001, 0.1, 0.1, 0.1, 0.053, 0.053, 0.069, 0.15, 0.069, 0.155, 0.1, 0.1, 0.1, 0.1, 0.1, 0.2, 0.1, 0.351, 0.0, 0.1, 0.1, 0.2, 0.064, 0.064]], "sig": [[0.0, 0.0, 0.291, 0.659, 0.027, 0.291, 1.5, 0.07, 0.02, 0.001, 0.02, 0.02, 0.01, 0.15, 0.04, 2.0, 0.3, 0.24, 0.4, 0.454, 0.5, 0.5, 0.139, 0.73, 1.4, 0.5, 0.701, 0.353, 0.0, 0.587, 0.089, 0.089, 0.5, 0.0, 0.103, 0.02, 0.006, 0.454, 0.029, 0.5, 0.4, 0.5, 0.129, 0.129, 0.425, 0.006, 0.425, 0.454, 0.25, 0.4, 0.5, 0.5, 0.25, 0.02, 0.3, 0.417, 0.0, 1.5, 0.3, 0.2, 0.103, 0.103]], "del3": [[0.0, 0.0, 0.0, 0.0, 0.0, 0.0, 0.0, 20000.0, 5000.0, 5000.0, 200000.0, 40000.0, 50000.0, 100000.0, 200000.0, 0.0, 150000.0, 0.0, 100000.0, 0.0, 10000.0, 100000.0, 0.0, 0.0, 0.0, 100000.0, 0.0, 0.0, 0.0, 0.0, 0.0, 0.0, 100000.0, 30000.0, 0.0, 5000.0, 70000.0, 0.0, 0.0, 100000.0, 100000.0, 100000.0, 0.0, 0.0, 0.0, 70000.0, 0.0, 0.0, 60000.0, 100000.0, 100000.0, 100000.0, 100000.0, 5000.0, 50000.0, 0.0, 0.0, 0.0, 200000.0, 1000.0, 0.0, 0.0]], "tau3": [[0.0, 0.0, 0.0, 0.0, 0.0, 0.0, 0.000159155, 0.000159155, 0.000159155, 0.0015915489999999998, 0.00010610299999999998, 5.3052e-05, 0.0004547, 0.00031831, 0.00010610299999999998, 0.000159155, 0.00010610299999999998, 0.0, 1.5915e-05, 0.0, 0.000159155, 0.000159155, 0.0, 0.0, 0.000159155, 0.000159155, 0.0, 0.0, 0.0, 0.0, 0.0, 0.0, 0.000159155, 1.592e-06, 0.0, 0.000159155, 1.5915e-05, 0.0, 0.0, 0.000159155, 0.000159155, 0.000159155, 0.0, 0.0, 0.0, 1.5915e-05, 0.0, 0.0, 0.00031831, 0.000159155, 0.000159155, 0.000159155, 0.000159155, 0.000159155, 1.5915e-05, 0.0, 0.0, 0.000159155, 0.000159155, 1.5915e-05, 0.0, 0.0]], "alf3": [[0.0, 0.0, 0.0, 0.0, 0.0, 0.0, 0.0, 0.2, 0.2, 0.1, 0.22, 0.3, 0.1, 0.1, 0.22, 0.0, 0.18, 0.0, 0.2, 0.0, 0.2, 0.2, 0.0, 0.0, 0.2, 0.2, 0.0, 0.0, 0.0, 0.0, 0.0, 0.0, 0.2, 0.16, 0.0, 0.2, 0.2, 0.0, 0.0, 0.2, 0.2, 0.2, 0.0, 0.0, 0.0, 0.2, 0.0, 0.0, 0.22, 0.2, 0.2, 0.2, 0.2, 0.2, 0.2, 0.0, 0.0, 0.0, 0.1, 0.2, 0.0, 0.0]], "del4": [[0.0, 0.0, 0.0, 0.0, 0.0, 0.0, 0.0, 20000000.0, 100000.0, 2000000.0, 45000000.0, 35000000.0, 20000000.0, 40000000.0, 45000000.0, 0.0, 40000000.0, 0.0, 40000000.0, 0.0, 1000000.0, 5000000.0, 0.0, 0.0, 0.0, 40000000.0, 0.0, 0.0, 0.0, 0.0, 0.0, 0.0, 40000000.0, 30000.0, 0.0, 100000.0, 40000000.0, 0.0, 0.0, 40000000.0, 40000000.0, 5000000.0, 0.0, 0.0, 0.0, 40000000.0, 0.0, 0.0, 20000000.0, 40000000.0, 40000000.0, 40000000.0, 40000000.0, 100000.0, 1000000.0, 0.0, 0.0, 0.0, 40000000.0, 5000.0, 0.0, 0.0]], "tau4": [[0.0, 0.0, 0.0, 0.0, 0.0, 0.0, 0.015915, 0.015915, 0.015915, 0.015915, 0.005305, 0.007958, 0.01326, 0.015915, 0.005305, 0.015915, 0.001592, 0.0, 0.015915, 0.0, 0.015915, 0.015915, 0.0, 0.0, 0.015915, 0.015915, 0.0, 0.0, 0.0, 0.0, 0.0, 0.0, 0.015915, 0.001592, 0.0, 0.015915, 0.015915, 0.0, 0.0, 0.015915, 0.015915, 0.015915, 0.0, 0.0, 0.0, 0.015915, 0.0, 0.0, 0.0013260000000000001, 0.015915, 0.015915, 0.015915, 0.015915, 0.015915, 0.015915, 0.0, 0.0, 0.015915, 0.015915, 0.015915, 0.0, 0.0]], "alf4": [[0.0, 0.0, 0.0, 0.0, 0.0, 0.0, 0.0, 0.0, 0.0, 0.1, 0.0, 0.02, 0.0, 0.0, 0.0, 0.0, 0.0, 0.0, 0.0, 0.0, 0.0, 0.0, 0.0, 0.0, 0.2, 0.0, 0.0, 0.0, 0.0, 0.0, 0.0, 0.0, 0.0, 0.2, 0.0, 0.0, 0.0, 0.0, 0.0, 0.0, 0.0, 0.0, 0.0, 0.0, 0.0, 0.0, 0.0, 0.0, 0.0, 0.0, 0.0, 0.0, 0.0, 0.0, 0.0, 0.0, 0.0, 0.0, 0.0, 0.0, 0.0, 0.0]]}}